ref,tipping_point_c_t,attribute,value,type,magnitude
Amato_2012.csv_traj2,0.3160946304870607, change,unregulated,,
Amato_2012.csv_traj2,0.3160946304870607, spelling ,rubbish_garbage,,
Amato_2012.csv_traj4,0.4521960207219172, change,formal_institution,,
Amato_2012.csv_traj4,0.4521960207219172, spelling ,quando_cuando,,
Amato_2012.csv_traj6,0.3610871828003302, change,unregulated,,
Amato_2012.csv_traj6,0.3610871828003302, spelling ,se_ra,,
Amato_2012.csv_traj8,0.1800796812749003, change,informal_institution,,
Amato_2012.csv_traj8,0.1800796812749003, spelling ,centre_center,,
Amato_2012.csv_traj10,0.1547630402384501, change,informal_institution,,
Amato_2012.csv_traj10,0.1547630402384501, spelling ,behavior_behaviour,,
Krönke_2022_2_N.csv_traj2,0.4806068349451597,N,16. 5 ,,
Krönke_2022_2_N.csv_traj4,0.4011027262273926,N,128,,
Krönke_2022_2_N.csv_traj6,0.3052723377642056,N,1024,,
Lacopini_2022.csv_traj2,0.3688821198483035,topology, empirical_Thiers13,,
Lacopini_2022.csv_traj4,0.4304829847371397,topology, empirical_Theirs13_HO,,
Jin_Yu_2021,0.1101,topology,SQL,,
Jin_Yu_2021,0.1487,topology,SQL,,
Jin_Yu_2021,0.1058,topology,SQL,,
Jin_Yu_2021,0.0559,topology,SQL,,
Jin_Yu_2021,0.0999,topology,SQL,,
Jin_Yu_2021,0.084,topology,SQL,,
Jin_Yu_2021,0.1074,topology,SQL,,
Jin_Yu_2021,0.1472,topology,SQL,,
Jin_Yu_2021,0.0983,topology,SQL,,
Jin_Yu_2021,0.1197,topology,SQL,,
Jin_Yu_2021,0.0597,topology,SQL,,
Jin_Yu_2021,0.0976,topology,SQL,,
Jin_Yu_2021,0.0969,topology,SQL,,
Jin_Yu_2021,0.0711,topology,SQL,,
Jin_Yu_2021,0.1682,topology,SQL,,
Jin_Yu_2021,0.0518,topology,SQL,,
Jin_Yu_2021,0.1077,topology,SQL,,
Jin_Yu_2021,0.0708,topology,SQL,,
Jin_Yu_2021,0.054,topology,SQL,,
Jin_Yu_2021,0.088,topology,SQL,,
Jin_Yu_2021,0.4271,topology,SQL,,
Jin_Yu_2021,0.4271,topology,SWN,,
Jin_Yu_2021,0.564,topology,SQL,,
Jin_Yu_2021,0.5387,topology,SQL,,
Jin_Yu_2021,0.453,topology,SQL,,
Jin_Yu_2021,0.4305,topology,SQL,,
Jin_Yu_2021,0.4388,topology,SQL,,
Jin_Yu_2021,0.5157,topology,SQL,,
Jin_Yu_2021,0.5114,topology,SQL,,
Jin_Yu_2021,0.5425,topology,SQL,,
Jin_Yu_2021,0.5063,topology,SQL,,
Jin_Yu_2021,0.4775,topology,SQL,,
Jin_Yu_2021,0.5635,topology,SQL,,
Jin_Yu_2021,0.4057,topology,SQL,,
Jin_Yu_2021,0.5126,topology,SQL,,
Jin_Yu_2021,0.4595,topology,SQL,,
Jin_Yu_2021,0.4825,topology,SQL,,
Jin_Yu_2021,0.4907,topology,SQL,,
Jin_Yu_2021,0.505,topology,SQL,,
Jin_Yu_2021,0.4743,topology,SQL,,
Jin_Yu_2021,0.52,topology,SQL,,
Jin_Yu_2021,0.2992,topology,SWN,,
Jin_Yu_2021,0.3665,topology,SWN,,
Jin_Yu_2021,0.2902,topology,SWN,,
Jin_Yu_2021,0.3041,topology,SWN,,
Jin_Yu_2021,0.0892,topology,SWN,,
Jin_Yu_2021,0.1049,topology,SWN,,
Jin_Yu_2021,0.5071,topology,SWN,,
Jin_Yu_2021,0.1861,topology,SWN,,
Jin_Yu_2021,0.4381,topology,SWN,,
Jin_Yu_2021,0.4084,topology,SWN,,
Jin_Yu_2021,0.2028,topology,SWN,,
Jin_Yu_2021,0.2472,topology,SWN,,
Jin_Yu_2021,0.1904,topology,SWN,,
Jin_Yu_2021,0.2077,topology,SWN,,
Jin_Yu_2021,0.266,topology,SWN,,
Jin_Yu_2021,0.2609,topology,SWN,,
Jin_Yu_2021,0.1591,topology,SWN,,
Jin_Yu_2021,0.2049,topology,SWN,,
Jin_Yu_2021,0.3322,topology,SWN,,
Jin_Yu_2021,0.3239,topology,SWN,,
Jin_Yu_2021,0.5323,topology,SWN,,
Jin_Yu_2021,0.469,topology,SWN,,
Jin_Yu_2021,0.439,topology,SWN,,
Jin_Yu_2021,0.3774,topology,SWN,,
Jin_Yu_2021,0.4886,topology,SWN,,
Jin_Yu_2021,0.4654,topology,SWN,,
Jin_Yu_2021,0.4655,topology,SWN,,
Jin_Yu_2021,0.5746,topology,SWN,,
Jin_Yu_2021,0.5412,topology,SWN,,
Jin_Yu_2021,0.4095,topology,SWN,,
Jin_Yu_2021,0.5001,topology,SWN,,
Jin_Yu_2021,0.5529,topology,SWN,,
Jin_Yu_2021,0.4423,topology,SWN,,
Jin_Yu_2021,0.5141,topology,SWN,,
Jin_Yu_2021,0.4429,topology,SWN,,
Jin_Yu_2021,0.4212,topology,SWN,,
Jin_Yu_2021,0.4909,topology,SWN,,
Jin_Yu_2021,0.464,topology,SWN,,
Jin_Yu_2021,0.5595,topology,SWN,,
Andreoni_2021,0.43,,,experimental,1
Andreoni_2021,0.43,,,experimental,1
Andreoni_2021,0.23,,,experimental,0.97
Andreoni_2021,0.23,,,experimental,1
Andreoni_2021,0.23,,,experimental,0.96
Andreoni_2021,0.23,,,experimental,1
Andreoni_2021,0.23,,,experimental,1
Andreoni_2021,0.4,,,experimental,0.99
Andreoni_2021,0.4,,,experimental,1
Andreoni_2021,0.4,,,experimental,1
Andreoni_2021,0.3,,,experimental,1
Andreoni_2021,0.3,,,experimental,1
Andreoni_2021,0.3,,,experimental,1
Andreoni_2021,0.3,,,experimental,1
Andreoni_2021,0.3,,,experimental,1
Andreoni_2021,0.3,,,experimental,1
Centola_2018,0.1904761904761904,,,experimental,0.0667
Centola_2018,0.2777777777777778,,,experimental,1
Centola_2018,0.2068965517241379,,,experimental,0.08
Centola_2018,0.3076923076923077,,,experimental,1
Centola_2018,0.1923076923076923,,,experimental,0.0526
Centola_2018,0.2758620689655172,,,experimental,0.6957
Centola_2018,0.1666666666666666,,,experimental,0.00%
Centola_2018,0.2666666666666666,,,experimental,0.75
Xie et al_2011,0.010321154,topology, complete,modelling,0.025161717265033023
Xie et al_2011,0.010321154,N,1000,modelling,0.025161717265033023
Xie et al_2011,0.010321154,k,999,modelling,0.025161717265033023
Xie et al_2011,0.012381266,topology, complete,modelling,0.029069723788283985
Xie et al_2011,0.012381266,N,1000,modelling,0.029069723788283985
Xie et al_2011,0.012381266,k,999,modelling,0.029069723788283985
Xie et al_2011,0.014441606,topology, complete,modelling,0.033745467
Xie et al_2011,0.014441606,N,1000,modelling,0.033745467
Xie et al_2011,0.014441606,k,999,modelling,0.033745467
Xie et al_2011,0.016501946,topology, complete,modelling,0.038421209
Xie et al_2011,0.016501946,N,1000,modelling,0.038421209
Xie et al_2011,0.016501946,k,999,modelling,0.038421209
Xie et al_2011,0.018562258,topology, complete,modelling,0.043000985
Xie et al_2011,0.018562258,N,1000,modelling,0.043000985
Xie et al_2011,0.018562258,k,999,modelling,0.043000985
Xie et al_2011,0.020622627,topology, complete,modelling,0.047772694752219236
Xie et al_2011,0.020622627,N,1000,modelling,0.047772694752219236
Xie et al_2011,0.020622627,k,999,modelling,0.047772694752219236
Xie et al_2011,0.022682968,topology, complete,modelling,0.052448437
Xie et al_2011,0.022682968,N,1000,modelling,0.052448437
Xie et al_2011,0.022682968,k,999,modelling,0.052448437
Xie et al_2011,0.024743251,topology, complete,modelling,0.056932246
Xie et al_2011,0.024743251,N,1000,modelling,0.056932246
Xie et al_2011,0.024743251,k,999,modelling,0.056932246
Xie et al_2011,0.026803591,topology, complete,modelling,0.061607989
Xie et al_2011,0.026803591,N,1000,modelling,0.061607989
Xie et al_2011,0.026803591,k,999,modelling,0.061607989
Xie et al_2011,0.028863989,topology, complete,modelling,0.066475666
Xie et al_2011,0.028863989,N,1000,modelling,0.066475666
Xie et al_2011,0.028863989,k,999,modelling,0.066475666
Xie et al_2011,0.030924358,topology, complete,modelling,0.071247375
Xie et al_2011,0.030924358,N,1000,modelling,0.071247375
Xie et al_2011,0.030924358,k,999,modelling,0.071247375
Xie et al_2011,0.032984813,topology, complete,modelling,0.076306986
Xie et al_2011,0.032984813,N,1000,modelling,0.076306986
Xie et al_2011,0.032984813,k,999,modelling,0.076306986
Xie et al_2011,0.035045297,topology, complete,modelling,0.081462564
Xie et al_2011,0.035045297,N,1000,modelling,0.081462564
Xie et al_2011,0.035045297,k,999,modelling,0.081462564
Xie et al_2011,0.037105781,topology, complete,modelling,0.086618142
Xie et al_2011,0.037105781,N,1000,modelling,0.086618142
Xie et al_2011,0.037105781,k,999,modelling,0.086618142
Xie et al_2011,0.039166178,topology, complete,modelling,0.091485819
Xie et al_2011,0.039166178,N,1000,modelling,0.091485819
Xie et al_2011,0.039166178,k,999,modelling,0.091485819
Xie et al_2011,0.041226777,topology, complete,modelling,0.097025265
Xie et al_2011,0.041226777,N,1000,modelling,0.097025265
Xie et al_2011,0.041226777,k,999,modelling,0.097025265
Xie et al_2011,0.043287203,topology, complete,modelling,0.10198890869232358
Xie et al_2011,0.043287203,N,1000,modelling,0.10198890869232358
Xie et al_2011,0.043287203,k,999,modelling,0.10198890869232358
Xie et al_2011,0.045347658,topology, complete,modelling,0.10704851954217387
Xie et al_2011,0.045347658,N,1000,modelling,0.10704851954217387
Xie et al_2011,0.045347658,k,999,modelling,0.10704851954217387
Xie et al_2011,0.047408171,topology, complete,modelling,0.11230006444645735
Xie et al_2011,0.047408171,N,1000,modelling,0.11230006444645735
Xie et al_2011,0.047408171,k,999,modelling,0.11230006444645735
Xie et al_2011,0.04946874,topology, complete,modelling,0.11774354340517412
Xie et al_2011,0.04946874,N,1000,modelling,0.11774354340517412
Xie et al_2011,0.04946874,k,999,modelling,0.11774354340517412
Xie et al_2011,0.051529224,topology, complete,modelling,0.12289912128224112
Xie et al_2011,0.051529224,N,1000,modelling,0.12289912128224112
Xie et al_2011,0.051529224,k,999,modelling,0.12289912128224112
Xie et al_2011,0.053589965,topology, complete,modelling,0.12891840240425756
Xie et al_2011,0.053589965,N,1000,modelling,0.12891840240425756
Xie et al_2011,0.053589965,k,999,modelling,0.12891840240425756
Xie et al_2011,0.05565065,topology, complete,modelling,0.13474574947184081
Xie et al_2011,0.05565065,N,1000,modelling,0.13474574947184081
Xie et al_2011,0.05565065,k,999,modelling,0.13474574947184081
Xie et al_2011,0.057711334,topology, complete,modelling,0.14057309653942407
Xie et al_2011,0.057711334,N,1000,modelling,0.14057309653942407
Xie et al_2011,0.057711334,k,999,modelling,0.14057309653942407
Xie et al_2011,0.059772219,topology, complete,modelling,0.14707221279752358
Xie et al_2011,0.059772219,N,1000,modelling,0.14707221279752358
Xie et al_2011,0.059772219,k,999,modelling,0.14707221279752358
Xie et al_2011,0.061833161,topology, complete,modelling,0.15376326311005628
Xie et al_2011,0.061833161,N,1000,modelling,0.15376326311005628
Xie et al_2011,0.061833161,k,999,modelling,0.15376326311005628
Xie et al_2011,0.063893587,topology, complete,modelling,0.15872690693268998
Xie et al_2011,0.063893587,N,1000,modelling,0.15872690693268998
Xie et al_2011,0.063893587,k,999,modelling,0.15872690693268998
Xie et al_2011,0.065954414,topology, complete,modelling,0.1650340891363563
Xie et al_2011,0.065954414,N,1000,modelling,0.1650340891363563
Xie et al_2011,0.065954414,k,999,modelling,0.1650340891363563
Xie et al_2011,0.068015414,topology, complete,modelling,0.1719170735033223
Xie et al_2011,0.068015414,N,1000,modelling,0.1719170735033223
Xie et al_2011,0.068015414,k,999,modelling,0.1719170735033223
Xie et al_2011,0.070076556,topology, complete,modelling,0.17927989300637137
Xie et al_2011,0.070076556,N,1000,modelling,0.17927989300637137
Xie et al_2011,0.070076556,k,999,modelling,0.17927989300637137
Xie et al_2011,0.072137212,topology, complete,modelling,0.18501127304673792
Xie et al_2011,0.072137212,N,1000,modelling,0.18501127304673792
Xie et al_2011,0.072137212,k,999,modelling,0.18501127304673792
Xie et al_2011,0.074198541,topology, complete,modelling,0.192997878
Xie et al_2011,0.074198541,N,1000,modelling,0.192997878
Xie et al_2011,0.074198541,k,999,modelling,0.192997878
Xie et al_2011,0.076165896,topology, complete,modelling,0.19969537408583193
Xie et al_2011,0.076165896,N,1000,modelling,0.19969537408583193
Xie et al_2011,0.076165896,k,999,modelling,0.19969537408583193
Xie et al_2011,0.078072717,topology, complete,modelling,0.2126147640393724
Xie et al_2011,0.078072717,N,1000,modelling,0.2126147640393724
Xie et al_2011,0.078072717,k,999,modelling,0.2126147640393724
Xie et al_2011,0.080195406,topology, complete,modelling,0.21714332550876436
Xie et al_2011,0.080195406,N,1000,modelling,0.21714332550876436
Xie et al_2011,0.080195406,k,999,modelling,0.21714332550876436
Xie et al_2011,0.082256921,topology, complete,modelling,0.22575371636562935
Xie et al_2011,0.082256921,N,1000,modelling,0.22575371636562935
Xie et al_2011,0.082256921,k,999,modelling,0.22575371636562935
Xie et al_2011,0.08335624,topology, complete,modelling,0.23579861988988204
Xie et al_2011,0.08335624,N,1000,modelling,0.23579861988988204
Xie et al_2011,0.08335624,k,999,modelling,0.23579861988988204
Xie et al_2011,0.085255618,topology, complete,modelling,0.23871413500841776
Xie et al_2011,0.085255618,N,1000,modelling,0.23871413500841776
Xie et al_2011,0.085255618,k,999,modelling,0.23871413500841776
Xie et al_2011,0.087317448,topology, complete,modelling,0.2483801631646656
Xie et al_2011,0.087317448,N,1000,modelling,0.2483801631646656
Xie et al_2011,0.087317448,k,999,modelling,0.2483801631646656
Xie et al_2011,0.088417492,topology, complete,modelling,0.26085166151996697
Xie et al_2011,0.088417492,N,1000,modelling,0.26085166151996697
Xie et al_2011,0.088417492,k,999,modelling,0.26085166151996697
Xie et al_2011,0.090317693,topology, complete,modelling,0.2665228012771511
Xie et al_2011,0.090317693,N,1000,modelling,0.2665228012771511
Xie et al_2011,0.090317693,k,999,modelling,0.2665228012771511
Xie et al_2011,0.092381432,topology, complete,modelling,0.282586631
Xie et al_2011,0.092381432,N,1000,modelling,0.282586631
Xie et al_2011,0.092381432,k,999,modelling,0.282586631
Xie et al_2011,0.09425737,topology, complete,modelling,0.2965542103135763
Xie et al_2011,0.09425737,N,1000,modelling,0.2965542103135763
Xie et al_2011,0.09425737,k,999,modelling,0.2965542103135763
Xie et al_2011,0.095204152,topology, complete,modelling,0.33306385522008974
Xie et al_2011,0.095204152,N,1000,modelling,0.33306385522008974
Xie et al_2011,0.095204152,k,999,modelling,0.33306385522008974
Xie et al_2011,0.095400364,topology, complete,modelling,0.36333176011463064
Xie et al_2011,0.095400364,N,1000,modelling,0.36333176011463064
Xie et al_2011,0.095400364,k,999,modelling,0.36333176011463064
Xie et al_2011,0.095596996,topology, complete,modelling,0.3950071814083487
Xie et al_2011,0.095596996,N,1000,modelling,0.3950071814083487
Xie et al_2011,0.095596996,k,999,modelling,0.3950071814083487
Xie et al_2011,0.095790477,topology, complete,modelling,0.4161262297082391
Xie et al_2011,0.095790477,N,1000,modelling,0.4161262297082391
Xie et al_2011,0.095790477,k,999,modelling,0.4161262297082391
Xie et al_2011,0.095987109,topology, complete,modelling,0.4478016510019571
Xie et al_2011,0.095987109,N,1000,modelling,0.4478016510019571
Xie et al_2011,0.095987109,k,999,modelling,0.4478016510019571
Xie et al_2011,0.09618059,topology, complete,modelling,0.46892069930184765
Xie et al_2011,0.09618059,N,1000,modelling,0.46892069930184765
Xie et al_2011,0.09618059,k,999,modelling,0.46892069930184765
Xie et al_2011,0.096377223,topology, complete,modelling,0.5005961205955657
Xie et al_2011,0.096377223,N,1000,modelling,0.5005961205955657
Xie et al_2011,0.096377223,k,999,modelling,0.5005961205955657
Xie et al_2011,0.096570704,topology, complete,modelling,0.521715169
Xie et al_2011,0.096570704,N,1000,modelling,0.521715169
Xie et al_2011,0.096570704,k,999,modelling,0.521715169
Xie et al_2011,0.096765445,topology, complete,modelling,0.5470567663928776
Xie et al_2011,0.096765445,N,1000,modelling,0.5470567663928776
Xie et al_2011,0.096765445,k,999,modelling,0.5470567663928776
Xie et al_2011,0.096960817,topology, complete,modelling,0.5745096384890647
Xie et al_2011,0.096960817,N,1000,modelling,0.5745096384890647
Xie et al_2011,0.096960817,k,999,modelling,0.5745096384890647
Xie et al_2011,0.097155558,topology, complete,modelling,0.599851236
Xie et al_2011,0.097155558,N,1000,modelling,0.599851236
Xie et al_2011,0.097155558,k,999,modelling,0.599851236
Xie et al_2011,0.09735093,topology, complete,modelling,0.627304108
Xie et al_2011,0.09735093,N,1000,modelling,0.627304108
Xie et al_2011,0.09735093,k,999,modelling,0.627304108
Xie et al_2011,0.097545671,topology, complete,modelling,0.6526457055800945
Xie et al_2011,0.097545671,N,1000,modelling,0.6526457055800945
Xie et al_2011,0.097545671,k,999,modelling,0.6526457055800945
Xie et al_2011,0.097741043,topology, complete,modelling,0.6800985776762813
Xie et al_2011,0.097741043,N,1000,modelling,0.6800985776762813
Xie et al_2011,0.097741043,k,999,modelling,0.6800985776762813
Xie et al_2011,0.097935784,topology, complete,modelling,0.7054401751737029
Xie et al_2011,0.097935784,N,1000,modelling,0.7054401751737029
Xie et al_2011,0.097935784,k,999,modelling,0.7054401751737029
Xie et al_2011,0.098132417,topology, complete,modelling,0.737115596
Xie et al_2011,0.098132417,N,1000,modelling,0.737115596
Xie et al_2011,0.098132417,k,999,modelling,0.737115596
Xie et al_2011,0.098325897,topology, complete,modelling,0.7582346447673113
Xie et al_2011,0.098325897,N,1000,modelling,0.7582346447673113
Xie et al_2011,0.098325897,k,999,modelling,0.7582346447673113
Xie et al_2011,0.09852253,topology, complete,modelling,0.7899100660610294
Xie et al_2011,0.09852253,N,1000,modelling,0.7899100660610294
Xie et al_2011,0.09852253,k,999,modelling,0.7899100660610294
Xie et al_2011,0.098716011,topology, complete,modelling,0.8110291143609198
Xie et al_2011,0.098716011,N,1000,modelling,0.8110291143609198
Xie et al_2011,0.098716011,k,999,modelling,0.8110291143609198
Xie et al_2011,0.099812403,topology, complete,modelling,1.0003750828959794
Xie et al_2011,0.099812403,N,1000,modelling,1.0003750828959794
Xie et al_2011,0.099812403,k,999,modelling,1.0003750828959794
Xie et al_2011,0.098912643,topology, complete,modelling,0.8427045356546379
Xie et al_2011,0.098912643,N,1000,modelling,0.8427045356546379
Xie et al_2011,0.098912643,k,999,modelling,0.8427045356546379
Xie et al_2011,0.099106124,topology, complete,modelling,0.8638235839545282
Xie et al_2011,0.099106124,N,1000,modelling,0.8638235839545282
Xie et al_2011,0.099106124,k,999,modelling,0.8638235839545282
Xie et al_2011,0.099302756,topology, complete,modelling,0.8954990052482464
Xie et al_2011,0.099302756,N,1000,modelling,0.8954990052482464
Xie et al_2011,0.099302756,k,999,modelling,0.8954990052482464
Xie et al_2011,0.099496237,topology, complete,modelling,0.9166180535481367
Xie et al_2011,0.099496237,N,1000,modelling,0.9166180535481367
Xie et al_2011,0.099496237,k,999,modelling,0.9166180535481367
Xie et al_2011,0.099692869,topology, complete,modelling,0.9482934748418547
Xie et al_2011,0.099692869,N,1000,modelling,0.9482934748418547
Xie et al_2011,0.099692869,k,999,modelling,0.9482934748418547
Xie et al_2011,0.09988635,topology, complete,modelling,0.9694125231417452
Xie et al_2011,0.09988635,N,1000,modelling,0.9694125231417452
Xie et al_2011,0.09988635,k,999,modelling,0.9694125231417452
Xie et al_2011,0.1017679053192251,topology, complete,modelling,1.0022003025449622
Xie et al_2011,0.1017679053192251,N,1000,modelling,1.0022003025449622
Xie et al_2011,0.1017679053192251,k,999,modelling,1.0022003025449622
Xie et al_2011,0.1038268707264391,topology, complete,modelling,1.0022696279795484
Xie et al_2011,0.1038268707264391,N,1000,modelling,1.0022696279795484
Xie et al_2011,0.1038268707264391,k,999,modelling,1.0022696279795484
Xie et al_2011,0.1058858361336531,topology, complete,modelling,1.002338953414135
Xie et al_2011,0.1058858361336531,N,1000,modelling,1.002338953414135
Xie et al_2011,0.1058858361336531,k,999,modelling,1.002338953414135
Xie et al_2011,0.10794483,topology, complete,modelling,1.0025042458759377
Xie et al_2011,0.10794483,N,1000,modelling,1.0025042458759377
Xie et al_2011,0.10794483,k,999,modelling,1.0025042458759377
Xie et al_2011,0.1099101776113896,topology, complete,modelling,1.0024744531271899
Xie et al_2011,0.1099101776113896,N,1000,modelling,1.0024744531271899
Xie et al_2011,0.1099101776113896,k,999,modelling,1.0024744531271899
Xie et al_2011,0.009939959,topology,complete,modelling,0.026823455889367964
Xie et al_2011,0.009939959,N,1000,modelling,0.026823455889367964
Xie et al_2011,0.009939959,k,10,modelling,0.026823455889367964
Xie et al_2011,0.019662926,topology,complete,modelling,0.053998381
Xie et al_2011,0.019662926,N,1000,modelling,0.053998381
Xie et al_2011,0.019662926,k,10,modelling,0.053998381
Xie et al_2011,0.030120479,topology,complete,modelling,0.078988959
Xie et al_2011,0.030120479,N,1000,modelling,0.078988959
Xie et al_2011,0.030120479,k,10,modelling,0.078988959
Xie et al_2011,0.039951841,topology,complete,modelling,0.11130546376817196
Xie et al_2011,0.039951841,N,1000,modelling,0.11130546376817196
Xie et al_2011,0.039951841,k,10,modelling,0.11130546376817196
Xie et al_2011,0.049512673,topology,complete,modelling,0.14546828988221883
Xie et al_2011,0.049512673,N,1000,modelling,0.14546828988221883
Xie et al_2011,0.049512673,k,10,modelling,0.14546828988221883
Xie et al_2011,0.059877696,topology,complete,modelling,0.18995181938382188
Xie et al_2011,0.059877696,N,1000,modelling,0.18995181938382188
Xie et al_2011,0.059877696,k,10,modelling,0.18995181938382188
Xie et al_2011,0.062450959,topology,complete,modelling,0.209266628
Xie et al_2011,0.062450959,N,1000,modelling,0.209266628
Xie et al_2011,0.062450959,k,10,modelling,0.209266628
Xie et al_2011,0.065308094,topology,complete,modelling,0.21679263896069223
Xie et al_2011,0.065308094,N,1000,modelling,0.21679263896069223
Xie et al_2011,0.065308094,k,10,modelling,0.21679263896069223
Xie et al_2011,0.068065756,topology,complete,modelling,0.24485534544394105
Xie et al_2011,0.068065756,N,1000,modelling,0.24485534544394105
Xie et al_2011,0.068065756,k,10,modelling,0.24485534544394105
Xie et al_2011,0.070495629,topology,complete,modelling,0.255208926
Xie et al_2011,0.070495629,N,1000,modelling,0.255208926
Xie et al_2011,0.070495629,k,10,modelling,0.255208926
Xie et al_2011,0.072318578,topology,complete,modelling,0.27235958647111025
Xie et al_2011,0.072318578,N,1000,modelling,0.27235958647111025
Xie et al_2011,0.072318578,k,10,modelling,0.27235958647111025
Xie et al_2011,0.074541933,topology,complete,modelling,0.3067351671357361
Xie et al_2011,0.074541933,N,1000,modelling,0.3067351671357361
Xie et al_2011,0.074541933,k,10,modelling,0.3067351671357361
Xie et al_2011,0.077072233,topology,complete,modelling,0.3223106973396762
Xie et al_2011,0.077072233,N,1000,modelling,0.3223106973396762
Xie et al_2011,0.077072233,k,10,modelling,0.3223106973396762
Xie et al_2011,0.07784338,topology,complete,modelling,0.34526616479204164
Xie et al_2011,0.07784338,N,1000,modelling,0.34526616479204164
Xie et al_2011,0.07784338,k,10,modelling,0.34526616479204164
Xie et al_2011,0.080212753,topology,complete,modelling,0.35005377293556805
Xie et al_2011,0.080212753,N,1000,modelling,0.35005377293556805
Xie et al_2011,0.080212753,k,10,modelling,0.35005377293556805
Xie et al_2011,0.082251649,topology,complete,modelling,0.41394289291227204
Xie et al_2011,0.082251649,N,1000,modelling,0.41394289291227204
Xie et al_2011,0.082251649,k,10,modelling,0.41394289291227204
Xie et al_2011,0.084603645,topology,complete,modelling,0.4482385890580166
Xie et al_2011,0.084603645,N,1000,modelling,0.4482385890580166
Xie et al_2011,0.084603645,k,10,modelling,0.4482385890580166
Xie et al_2011,0.087347355,topology,complete,modelling,0.5534666045262178
Xie et al_2011,0.087347355,N,1000,modelling,0.5534666045262178
Xie et al_2011,0.087347355,k,10,modelling,0.5534666045262178
Xie et al_2011,0.089813846,topology,complete,modelling,0.5596387282087814
Xie et al_2011,0.089813846,N,1000,modelling,0.5596387282087814
Xie et al_2011,0.089813846,k,10,modelling,0.5596387282087814
Xie et al_2011,0.09219605,topology,complete,modelling,0.6912051619908302
Xie et al_2011,0.09219605,N,1000,modelling,0.6912051619908302
Xie et al_2011,0.09219605,k,10,modelling,0.6912051619908302
Xie et al_2011,0.094842464,topology,complete,modelling,0.8799366710869787
Xie et al_2011,0.094842464,N,1000,modelling,0.8799366710869787
Xie et al_2011,0.094842464,k,10,modelling,0.8799366710869787
Xie et al_2011,0.09721126,topology,complete,modelling,0.9683277149282727
Xie et al_2011,0.09721126,N,1000,modelling,0.9683277149282727
Xie et al_2011,0.09721126,k,10,modelling,0.9683277149282727
Xie et al_2011,0.099131279,topology,complete,modelling,1.0004460984887238
Xie et al_2011,0.099131279,N,1000,modelling,1.0004460984887238
Xie et al_2011,0.099131279,k,10,modelling,1.0004460984887238
Xie et al_2011,0.099423015,topology,complete,modelling,0.9478476711203435
Xie et al_2011,0.099423015,N,1000,modelling,0.9478476711203435
Xie et al_2011,0.099423015,k,10,modelling,0.9478476711203435
Xie et al_2011,0.1018500894939585,topology,complete,modelling,1.007461304285861
Xie et al_2011,0.1018500894939585,N,1000,modelling,1.007461304285861
Xie et al_2011,0.1018500894939585,k,10,modelling,1.007461304285861
Xie et al_2011,0.104657007,topology,complete,modelling,1.003589742502153
Xie et al_2011,0.104657007,N,1000,modelling,1.003589742502153
Xie et al_2011,0.104657007,k,10,modelling,1.003589742502153
Xie et al_2011,0.1073029594152312,topology,complete,modelling,1.0056608447926476
Xie et al_2011,0.1073029594152312,N,1000,modelling,1.0056608447926476
Xie et al_2011,0.1073029594152312,k,10,modelling,1.0056608447926476
Xie et al_2011,0.1099146608871075,topology,complete,modelling,1.0032572043716512
Xie et al_2011,0.1099146608871075,N,1000,modelling,1.0032572043716512
Xie et al_2011,0.1099146608871075,k,10,modelling,1.0032572043716512
Xie et al_2011,0.112008917,topology,complete,modelling,1.0012237332550769
Xie et al_2011,0.112008917,N,1000,modelling,1.0012237332550769
Xie et al_2011,0.112008917,k,10,modelling,1.0012237332550769
Xie et al_2011,0.009845818,topology,ER,modelling,0.027900145367782847
Xie et al_2011,0.009845818,N,400,modelling,0.027900145367782847
Xie et al_2011,0.009845818,k,10,modelling,0.027900145367782847
Xie et al_2011,0.019415608,topology,ER,modelling,0.051225919495315964
Xie et al_2011,0.019415608,N,400,modelling,0.051225919495315964
Xie et al_2011,0.019415608,k,10,modelling,0.051225919495315964
Xie et al_2011,0.030924949,topology,ER,modelling,0.07698123
Xie et al_2011,0.030924949,N,400,modelling,0.07698123
Xie et al_2011,0.030924949,k,10,modelling,0.07698123
Xie et al_2011,0.03939445,topology,ER,modelling,0.10209124809695025
Xie et al_2011,0.03939445,N,400,modelling,0.10209124809695025
Xie et al_2011,0.03939445,k,10,modelling,0.10209124809695025
Xie et al_2011,0.049513048,topology,ER,modelling,0.14667548717619894
Xie et al_2011,0.049513048,N,400,modelling,0.14667548717619894
Xie et al_2011,0.049513048,k,10,modelling,0.14667548717619894
Xie et al_2011,0.059778738,topology,ER,modelling,0.18874350966714837
Xie et al_2011,0.059778738,N,400,modelling,0.18874350966714837
Xie et al_2011,0.059778738,k,10,modelling,0.18874350966714837
Xie et al_2011,0.062430445,topology,ER,modelling,0.209344665
Xie et al_2011,0.062430445,N,400,modelling,0.209344665
Xie et al_2011,0.062430445,k,10,modelling,0.209344665
Xie et al_2011,0.065258597,topology,ER,modelling,0.21613242506339658
Xie et al_2011,0.065258597,N,400,modelling,0.21613242506339658
Xie et al_2011,0.065258597,k,10,modelling,0.21613242506339658
Xie et al_2011,0.067405191,topology,ER,modelling,0.22390851368494813
Xie et al_2011,0.067405191,N,400,modelling,0.22390851368494813
Xie et al_2011,0.067405191,k,10,modelling,0.22390851368494813
Xie et al_2011,0.07039736,topology,ER,modelling,0.2562224924417613
Xie et al_2011,0.07039736,N,400,modelling,0.2562224924417613
Xie et al_2011,0.07039736,k,10,modelling,0.2562224924417613
Xie et al_2011,0.072309184,topology,ER,modelling,0.27517810196386205
Xie et al_2011,0.072309184,N,400,modelling,0.27517810196386205
Xie et al_2011,0.072309184,k,10,modelling,0.27517810196386205
Xie et al_2011,0.074944634,topology,ER,modelling,0.2963378996764705
Xie et al_2011,0.074944634,N,400,modelling,0.2963378996764705
Xie et al_2011,0.074944634,k,10,modelling,0.2963378996764705
Xie et al_2011,0.077888008,topology,ER,modelling,0.31702402062937074
Xie et al_2011,0.077888008,N,400,modelling,0.31702402062937074
Xie et al_2011,0.077888008,k,10,modelling,0.31702402062937074
Xie et al_2011,0.080286102,topology,ER,modelling,0.3344233845855986
Xie et al_2011,0.080286102,N,400,modelling,0.3344233845855986
Xie et al_2011,0.080286102,k,10,modelling,0.3344233845855986
Xie et al_2011,0.082554734,topology,ER,modelling,0.35820503404643755
Xie et al_2011,0.082554734,N,400,modelling,0.35820503404643755
Xie et al_2011,0.082554734,k,10,modelling,0.35820503404643755
Xie et al_2011,0.084657276,topology,ER,modelling,0.35639932643003447
Xie et al_2011,0.084657276,N,400,modelling,0.35639932643003447
Xie et al_2011,0.084657276,k,10,modelling,0.35639932643003447
Xie et al_2011,0.087352746,topology,ER,modelling,0.3944720211415005
Xie et al_2011,0.087352746,N,400,modelling,0.3944720211415005
Xie et al_2011,0.087352746,k,10,modelling,0.3944720211415005
Xie et al_2011,0.089767107,topology,ER,modelling,0.4091398105688312
Xie et al_2011,0.089767107,N,400,modelling,0.4091398105688312
Xie et al_2011,0.089767107,k,10,modelling,0.4091398105688312
Xie et al_2011,0.092303964,topology,ER,modelling,0.465538337
Xie et al_2011,0.092303964,N,400,modelling,0.465538337
Xie et al_2011,0.092303964,k,10,modelling,0.465538337
Xie et al_2011,0.095208148,topology,ER,modelling,0.47025382664535975
Xie et al_2011,0.095208148,N,400,modelling,0.47025382664535975
Xie et al_2011,0.095208148,k,10,modelling,0.47025382664535975
Xie et al_2011,0.09714441,topology,ER,modelling,0.6448560087997386
Xie et al_2011,0.09714441,N,400,modelling,0.6448560087997386
Xie et al_2011,0.09714441,k,10,modelling,0.6448560087997386
Xie et al_2011,0.09659164,topology,ER,modelling,0.5603393750825163
Xie et al_2011,0.09659164,N,400,modelling,0.5603393750825163
Xie et al_2011,0.09659164,k,10,modelling,0.5603393750825163
Xie et al_2011,0.096848925,topology,ER,modelling,0.5952018
Xie et al_2011,0.096848925,N,400,modelling,0.5952018
Xie et al_2011,0.096848925,k,10,modelling,0.5952018
Xie et al_2011,0.09749609,topology,ER,modelling,0.6950930120201225
Xie et al_2011,0.09749609,N,400,modelling,0.6950930120201225
Xie et al_2011,0.09749609,k,10,modelling,0.6950930120201225
Xie et al_2011,0.097878061,topology,ER,modelling,0.7346514975052045
Xie et al_2011,0.097878061,N,400,modelling,0.7346514975052045
Xie et al_2011,0.097878061,k,10,modelling,0.7346514975052045
Xie et al_2011,0.098135346,topology,ER,modelling,0.7695139219897421
Xie et al_2011,0.098135346,N,400,modelling,0.7695139219897421
Xie et al_2011,0.098135346,k,10,modelling,0.7695139219897421
Xie et al_2011,0.09839263,topology,ER,modelling,0.8043763464742797
Xie et al_2011,0.09839263,N,400,modelling,0.8043763464742797
Xie et al_2011,0.09839263,k,10,modelling,0.8043763464742797
Xie et al_2011,0.098649914,topology,ER,modelling,0.8392387709588174
Xie et al_2011,0.098649914,N,400,modelling,0.8392387709588174
Xie et al_2011,0.098649914,k,10,modelling,0.8392387709588174
Xie et al_2011,0.098907198,topology,ER,modelling,0.8741011954433551
Xie et al_2011,0.098907198,N,400,modelling,0.8741011954433551
Xie et al_2011,0.098907198,k,10,modelling,0.8741011954433551
Xie et al_2011,0.099164482,topology,ER,modelling,0.9089636199278927
Xie et al_2011,0.099164482,N,400,modelling,0.9089636199278927
Xie et al_2011,0.099164482,k,10,modelling,0.9089636199278927
Xie et al_2011,0.1015936488046669,topology,ER,modelling,1.0086125569661848
Xie et al_2011,0.1015936488046669,N,400,modelling,1.0086125569661848
Xie et al_2011,0.1015936488046669,k,10,modelling,1.0086125569661848
Xie et al_2011,0.1042463194640853,topology,ER,modelling,1.0038294011875246
Xie et al_2011,0.1042463194640853,N,400,modelling,1.0038294011875246
Xie et al_2011,0.1042463194640853,k,10,modelling,1.0038294011875246
Xie et al_2011,0.1069572274053086,topology,ER,modelling,1.0034335211257444
Xie et al_2011,0.1069572274053086,N,400,modelling,1.0034335211257444
Xie et al_2011,0.1069572274053086,k,10,modelling,1.0034335211257444
Xie et al_2011,0.1096680394673583,topology,ER,modelling,1.0027289101247707
Xie et al_2011,0.1096680394673583,N,400,modelling,1.0027289101247707
Xie et al_2011,0.1096680394673583,k,10,modelling,1.0027289101247707
Xie et al_2011,0.112027711,topology,ER,modelling,1.0050544486685147
Xie et al_2011,0.112027711,N,400,modelling,1.0050544486685147
Xie et al_2011,0.112027711,k,10,modelling,1.0050544486685147
Xie et al_2011,0.099753649,topology,ER,modelling,1.006079046489912
Xie et al_2011,0.099753649,N,400,modelling,1.006079046489912
Xie et al_2011,0.099753649,k,10,modelling,1.006079046489912
Xie et al_2011,0.009665365,topology,BA,modelling,0.024942413629112203
Xie et al_2011,0.009665365,N,10000,modelling,0.024942413629112203
Xie et al_2011,0.009665365,k,10,modelling,0.024942413629112203
Xie et al_2011,0.01967054,topology,BA,modelling,0.049411434
Xie et al_2011,0.01967054,N,10000,modelling,0.049411434
Xie et al_2011,0.01967054,k,10,modelling,0.049411434
Xie et al_2011,0.029688975,topology,BA,modelling,0.079600868
Xie et al_2011,0.029688975,N,10000,modelling,0.079600868
Xie et al_2011,0.029688975,k,10,modelling,0.079600868
Xie et al_2011,0.039684433,topology,BA,modelling,0.10901557060638556
Xie et al_2011,0.039684433,N,10000,modelling,0.10901557060638556
Xie et al_2011,0.039684433,k,10,modelling,0.10901557060638556
Xie et al_2011,0.04956828,topology,BA,modelling,0.14442927106963754
Xie et al_2011,0.04956828,N,10000,modelling,0.14442927106963754
Xie et al_2011,0.04956828,k,10,modelling,0.14442927106963754
Xie et al_2011,0.059829928,topology,BA,modelling,0.18860648385359102
Xie et al_2011,0.059829928,N,10000,modelling,0.18860648385359102
Xie et al_2011,0.059829928,k,10,modelling,0.18860648385359102
Xie et al_2011,0.062470433,topology,BA,modelling,0.2034144427636908
Xie et al_2011,0.062470433,N,10000,modelling,0.2034144427636908
Xie et al_2011,0.062470433,k,10,modelling,0.2034144427636908
Xie et al_2011,0.065224287,topology,BA,modelling,0.2174625709850191
Xie et al_2011,0.065224287,N,10000,modelling,0.2174625709850191
Xie et al_2011,0.065224287,k,10,modelling,0.2174625709850191
Xie et al_2011,0.067979429,topology,BA,modelling,0.2353843237956783
Xie et al_2011,0.067979429,N,10000,modelling,0.2353843237956783
Xie et al_2011,0.067979429,k,10,modelling,0.2353843237956783
Xie et al_2011,0.070598585,topology,BA,modelling,0.2543235928246401
Xie et al_2011,0.070598585,N,10000,modelling,0.2543235928246401
Xie et al_2011,0.070598585,k,10,modelling,0.2543235928246401
Xie et al_2011,0.07260187,topology,BA,modelling,0.26598954989845924
Xie et al_2011,0.07260187,N,10000,modelling,0.26598954989845924
Xie et al_2011,0.07260187,k,10,modelling,0.26598954989845924
Xie et al_2011,0.074618272,topology,BA,modelling,0.31714004793550776
Xie et al_2011,0.074618272,N,10000,modelling,0.31714004793550776
Xie et al_2011,0.074618272,k,10,modelling,0.31714004793550776
Xie et al_2011,0.080268625,topology,BA,modelling,0.3642592203635977
Xie et al_2011,0.080268625,N,10000,modelling,0.3642592203635977
Xie et al_2011,0.080268625,k,10,modelling,0.3642592203635977
Xie et al_2011,0.082510161,topology,BA,modelling,0.374978716
Xie et al_2011,0.082510161,N,10000,modelling,0.374978716
Xie et al_2011,0.082510161,k,10,modelling,0.374978716
Xie et al_2011,0.084646691,topology,BA,modelling,0.4115746574619601
Xie et al_2011,0.084646691,N,10000,modelling,0.4115746574619601
Xie et al_2011,0.084646691,k,10,modelling,0.4115746574619601
Xie et al_2011,0.087163154,topology,BA,modelling,0.4633511497159326
Xie et al_2011,0.087163154,N,10000,modelling,0.4633511497159326
Xie et al_2011,0.087163154,k,10,modelling,0.4633511497159326
Xie et al_2011,0.089688648,topology,BA,modelling,0.5423127595272955
Xie et al_2011,0.089688648,N,10000,modelling,0.5423127595272955
Xie et al_2011,0.089688648,k,10,modelling,0.5423127595272955
Xie et al_2011,0.092215149,topology,BA,modelling,0.6243027894156052
Xie et al_2011,0.092215149,N,10000,modelling,0.6243027894156052
Xie et al_2011,0.092215149,k,10,modelling,0.6243027894156052
Xie et al_2011,0.094736988,topology,BA,modelling,0.6922611396140622
Xie et al_2011,0.094736988,N,10000,modelling,0.6922611396140622
Xie et al_2011,0.094736988,k,10,modelling,0.6922611396140622
Xie et al_2011,0.097174363,topology,BA,modelling,0.7567428434417921
Xie et al_2011,0.097174363,N,10000,modelling,0.7567428434417921
Xie et al_2011,0.097174363,k,10,modelling,0.7567428434417921
Xie et al_2011,0.099893569,topology,BA,modelling,1.0008442335863723
Xie et al_2011,0.099893569,N,10000,modelling,1.0008442335863723
Xie et al_2011,0.099893569,k,10,modelling,1.0008442335863723
Xie et al_2011,0.1026968948693939,topology,BA,modelling,0.9966283408197858
Xie et al_2011,0.1026968948693939,N,10000,modelling,0.9966283408197858
Xie et al_2011,0.1026968948693939,k,10,modelling,0.9966283408197858
Xie et al_2011,0.1053356531991752,topology,BA,modelling,0.9985823089785133
Xie et al_2011,0.1053356531991752,N,10000,modelling,0.9985823089785133
Xie et al_2011,0.1053356531991752,k,10,modelling,0.9985823089785133
Xie et al_2011,0.1082096818717626,topology,BA,modelling,0.9982155548983865
Xie et al_2011,0.1082096818717626,N,10000,modelling,0.9982155548983865
Xie et al_2011,0.1082096818717626,k,10,modelling,0.9982155548983865
Xie et al_2011,0.1102510170990378,topology,BA,modelling,0.9990337213177792
Xie et al_2011,0.1102510170990378,N,10000,modelling,0.9990337213177792
Xie et al_2011,0.1102510170990378,k,10,modelling,0.9990337213177792
Xie et al_2011,0.077201425,topology,BA,modelling,0.377028816
Xie et al_2011,0.077201425,N,10000,modelling,0.377028816
Xie et al_2011,0.077201425,k,10,modelling,0.377028816
Xie et al_2011,0.009664327,topology,BA,modelling,0.021817084109703178
Xie et al_2011,0.009664327,N,1000,modelling,0.021817084109703178
Xie et al_2011,0.009664327,k,10,modelling,0.021817084109703178
Xie et al_2011,0.018767284,topology,BA,modelling,0.047170185
Xie et al_2011,0.018767284,N,1000,modelling,0.047170185
Xie et al_2011,0.018767284,k,10,modelling,0.047170185
Xie et al_2011,0.029822067,topology,BA,modelling,0.07557262
Xie et al_2011,0.029822067,N,1000,modelling,0.07557262
Xie et al_2011,0.029822067,k,10,modelling,0.07557262
Xie et al_2011,0.039809082,topology,BA,modelling,0.10807203162028567
Xie et al_2011,0.039809082,N,1000,modelling,0.10807203162028567
Xie et al_2011,0.039809082,k,10,modelling,0.10807203162028567
Xie et al_2011,0.04956939,topology,BA,modelling,0.14777062788786854
Xie et al_2011,0.04956939,N,1000,modelling,0.14777062788786854
Xie et al_2011,0.04956939,k,10,modelling,0.14777062788786854
Xie et al_2011,0.059830658,topology,BA,modelling,0.19080346496395761
Xie et al_2011,0.059830658,N,1000,modelling,0.19080346496395761
Xie et al_2011,0.059830658,k,10,modelling,0.19080346496395761
Xie et al_2011,0.062510293,topology,BA,modelling,0.20713370985184487
Xie et al_2011,0.062510293,N,1000,modelling,0.20713370985184487
Xie et al_2011,0.062510293,k,10,modelling,0.20713370985184487
Xie et al_2011,0.065029035,topology,BA,modelling,0.228156011
Xie et al_2011,0.065029035,N,1000,modelling,0.228156011
Xie et al_2011,0.065029035,k,10,modelling,0.228156011
Xie et al_2011,0.067708847,topology,BA,modelling,0.24159857593846978
Xie et al_2011,0.067708847,N,1000,modelling,0.24159857593846978
Xie et al_2011,0.067708847,k,10,modelling,0.24159857593846978
Xie et al_2011,0.069037188,topology,BA,modelling,0.25625383332883356
Xie et al_2011,0.069037188,N,1000,modelling,0.25625383332883356
Xie et al_2011,0.069037188,k,10,modelling,0.25625383332883356
Xie et al_2011,0.071051309,topology,BA,modelling,0.26292199176802655
Xie et al_2011,0.071051309,N,1000,modelling,0.26292199176802655
Xie et al_2011,0.071051309,k,10,modelling,0.26292199176802655
Xie et al_2011,0.072131016,topology,BA,modelling,0.2954070405244109
Xie et al_2011,0.072131016,N,1000,modelling,0.2954070405244109
Xie et al_2011,0.072131016,k,10,modelling,0.2954070405244109
Xie et al_2011,0.074783603,topology,BA,modelling,0.31326774837523697
Xie et al_2011,0.074783603,N,1000,modelling,0.31326774837523697
Xie et al_2011,0.074783603,k,10,modelling,0.31326774837523697
Xie et al_2011,0.0774972,topology,BA,modelling,0.33151968068339255
Xie et al_2011,0.0774972,N,1000,modelling,0.33151968068339255
Xie et al_2011,0.0774972,k,10,modelling,0.33151968068339255
Xie et al_2011,0.07766145,topology,BA,modelling,0.3557395079782586
Xie et al_2011,0.07766145,N,1000,modelling,0.3557395079782586
Xie et al_2011,0.07766145,k,10,modelling,0.3557395079782586
Xie et al_2011,0.080527001,topology,BA,modelling,0.3486609659197515
Xie et al_2011,0.080527001,N,1000,modelling,0.3486609659197515
Xie et al_2011,0.080527001,k,10,modelling,0.3486609659197515
Xie et al_2011,0.080888056,topology,BA,modelling,0.38224653192914526
Xie et al_2011,0.080888056,N,1000,modelling,0.38224653192914526
Xie et al_2011,0.080888056,k,10,modelling,0.38224653192914526
Xie et al_2011,0.082920421,topology,BA,modelling,0.39785953654404893
Xie et al_2011,0.082920421,N,1000,modelling,0.39785953654404893
Xie et al_2011,0.082920421,k,10,modelling,0.39785953654404893
Xie et al_2011,0.085618814,topology,BA,modelling,0.40378155666793847
Xie et al_2011,0.085618814,N,1000,modelling,0.40378155666793847
Xie et al_2011,0.085618814,k,10,modelling,0.40378155666793847
Xie et al_2011,0.087158056,topology,BA,modelling,0.44800715465940333
Xie et al_2011,0.087158056,N,1000,modelling,0.44800715465940333
Xie et al_2011,0.087158056,k,10,modelling,0.44800715465940333
Xie et al_2011,0.089766987,topology,BA,modelling,0.47720054065178463
Xie et al_2011,0.089766987,N,1000,modelling,0.47720054065178463
Xie et al_2011,0.089766987,k,10,modelling,0.47720054065178463
Xie et al_2011,0.092356515,topology,BA,modelling,0.5984494053336908
Xie et al_2011,0.092356515,N,1000,modelling,0.5984494053336908
Xie et al_2011,0.092356515,k,10,modelling,0.5984494053336908
Xie et al_2011,0.09483446,topology,BA,modelling,0.6095131243518426
Xie et al_2011,0.09483446,N,1000,modelling,0.6095131243518426
Xie et al_2011,0.09483446,k,10,modelling,0.6095131243518426
Xie et al_2011,0.097088337,topology,BA,modelling,0.6573798304002278
Xie et al_2011,0.097088337,N,1000,modelling,0.6573798304002278
Xie et al_2011,0.097088337,k,10,modelling,0.6573798304002278
Xie et al_2011,0.099974697,topology,BA,modelling,0.9942816674020214
Xie et al_2011,0.099974697,N,1000,modelling,0.9942816674020214
Xie et al_2011,0.099974697,k,10,modelling,0.9942816674020214
Xie et al_2011,0.1027605208684789,topology,BA,modelling,0.995893863
Xie et al_2011,0.1027605208684789,N,1000,modelling,0.995893863
Xie et al_2011,0.1027605208684789,k,10,modelling,0.995893863
Xie et al_2011,0.1057101766189043,topology,BA,modelling,0.9974813164629699
Xie et al_2011,0.1057101766189043,N,1000,modelling,0.9974813164629699
Xie et al_2011,0.1057101766189043,k,10,modelling,0.9974813164629699
Xie et al_2011,0.1086951134632261,topology,BA,modelling,0.996602534
Xie et al_2011,0.1086951134632261,N,1000,modelling,0.996602534
Xie et al_2011,0.1086951134632261,k,10,modelling,0.996602534
Xie et al_2011,0.1104585267567853,topology,BA,modelling,0.9967397434154734
Xie et al_2011,0.1104585267567853,N,1000,modelling,0.9967397434154734
Xie et al_2011,0.1104585267567853,k,10,modelling,0.9967397434154734
Xie et al_2011,0.009817355,topology,BA,modelling,0.017789144550616642
Xie et al_2011,0.009817355,N,400,modelling,0.017789144550616642
Xie et al_2011,0.009817355,k,10,modelling,0.017789144550616642
Xie et al_2011,0.021003327,topology,BA,modelling,0.048951436
Xie et al_2011,0.021003327,N,400,modelling,0.048951436
Xie et al_2011,0.021003327,k,10,modelling,0.048951436
Xie et al_2011,0.030266993,topology,BA,modelling,0.080403814
Xie et al_2011,0.030266993,N,400,modelling,0.080403814
Xie et al_2011,0.030266993,k,10,modelling,0.080403814
Xie et al_2011,0.03971926,topology,BA,modelling,0.11126376777903213
Xie et al_2011,0.03971926,N,400,modelling,0.11126376777903213
Xie et al_2011,0.03971926,k,10,modelling,0.11126376777903213
Xie et al_2011,0.049692665,topology,BA,modelling,0.1426899065504601
Xie et al_2011,0.049692665,N,400,modelling,0.1426899065504601
Xie et al_2011,0.049692665,k,10,modelling,0.1426899065504601
Xie et al_2011,0.059789658,topology,BA,modelling,0.19277289154098298
Xie et al_2011,0.059789658,N,400,modelling,0.19277289154098298
Xie et al_2011,0.059789658,k,10,modelling,0.19277289154098298
Xie et al_2011,0.062584613,topology,BA,modelling,0.20515443519298082
Xie et al_2011,0.062584613,N,400,modelling,0.20515443519298082
Xie et al_2011,0.062584613,k,10,modelling,0.20515443519298082
Xie et al_2011,0.065063394,topology,BA,modelling,0.22253819055164192
Xie et al_2011,0.065063394,N,400,modelling,0.22253819055164192
Xie et al_2011,0.065063394,k,10,modelling,0.22253819055164192
Xie et al_2011,0.067654093,topology,BA,modelling,0.23949730545820946
Xie et al_2011,0.067654093,N,400,modelling,0.23949730545820946
Xie et al_2011,0.067654093,k,10,modelling,0.23949730545820946
Xie et al_2011,0.069982085,topology,BA,modelling,0.2624915108893847
Xie et al_2011,0.069982085,N,400,modelling,0.2624915108893847
Xie et al_2011,0.069982085,k,10,modelling,0.2624915108893847
Xie et al_2011,0.07163489,topology,BA,modelling,0.2892639341258316
Xie et al_2011,0.07163489,N,400,modelling,0.2892639341258316
Xie et al_2011,0.07163489,k,10,modelling,0.2892639341258316
Xie et al_2011,0.07431903,topology,BA,modelling,0.3042076986292138
Xie et al_2011,0.07431903,N,400,modelling,0.3042076986292138
Xie et al_2011,0.07431903,k,10,modelling,0.3042076986292138
Xie et al_2011,0.07691018,topology,BA,modelling,0.3173326819210869
Xie et al_2011,0.07691018,N,400,modelling,0.3173326819210869
Xie et al_2011,0.07691018,k,10,modelling,0.3173326819210869
Xie et al_2011,0.078739717,topology,BA,modelling,0.3390398966816103
Xie et al_2011,0.078739717,N,400,modelling,0.3390398966816103
Xie et al_2011,0.078739717,k,10,modelling,0.3390398966816103
Xie et al_2011,0.082424411,topology,BA,modelling,0.3389093695447275
Xie et al_2011,0.082424411,N,400,modelling,0.3389093695447275
Xie et al_2011,0.082424411,k,10,modelling,0.3389093695447275
Xie et al_2011,0.085004369,topology,BA,modelling,0.3597690799664399
Xie et al_2011,0.085004369,N,400,modelling,0.3597690799664399
Xie et al_2011,0.085004369,k,10,modelling,0.3597690799664399
Xie et al_2011,0.088178005,topology,BA,modelling,0.40147399974395404
Xie et al_2011,0.088178005,N,400,modelling,0.40147399974395404
Xie et al_2011,0.088178005,k,10,modelling,0.40147399974395404
Xie et al_2011,0.09253803,topology,BA,modelling,0.4677567798754906
Xie et al_2011,0.09253803,N,400,modelling,0.4677567798754906
Xie et al_2011,0.09253803,k,10,modelling,0.4677567798754906
Xie et al_2011,0.09502653,topology,BA,modelling,0.4980560724393598
Xie et al_2011,0.09502653,N,400,modelling,0.4980560724393598
Xie et al_2011,0.09502653,k,10,modelling,0.4980560724393598
Xie et al_2011,0.097300493,topology,BA,modelling,0.5094971806413112
Xie et al_2011,0.097300493,N,400,modelling,0.5094971806413112
Xie et al_2011,0.097300493,k,10,modelling,0.5094971806413112
Xie et al_2011,0.097307743,topology,BA,modelling,0.6566991706551272
Xie et al_2011,0.097307743,N,400,modelling,0.6566991706551272
Xie et al_2011,0.097307743,k,10,modelling,0.6566991706551272
Xie et al_2011,0.1010307104612785,topology,BA,modelling,0.9965976541711657
Xie et al_2011,0.1010307104612785,N,400,modelling,0.9965976541711657
Xie et al_2011,0.1010307104612785,k,10,modelling,0.9965976541711657
Xie et al_2011,0.1036693849477575,topology,BA,modelling,0.9982992539901475
Xie et al_2011,0.1036693849477575,N,400,modelling,0.9982992539901475
Xie et al_2011,0.1036693849477575,k,10,modelling,0.9982992539901475
Xie et al_2011,0.1063596180345167,topology,BA,modelling,0.9963780685625963
Xie et al_2011,0.1063596180345167,N,400,modelling,0.9963780685625963
Xie et al_2011,0.1063596180345167,k,10,modelling,0.9963780685625963
Xie et al_2011,0.1091261313384383,topology,BA,modelling,0.9983770396138018
Xie et al_2011,0.1091261313384383,N,400,modelling,0.9983770396138018
Xie et al_2011,0.1091261313384383,k,10,modelling,0.9983770396138018
Xie et al_2011,0.1107086506113299,topology,BA,modelling,0.9973348883277711
Xie et al_2011,0.1107086506113299,N,400,modelling,0.9973348883277711
Xie et al_2011,0.1107086506113299,k,10,modelling,0.9973348883277711
Xie et al_2011,0.089780929,topology,BA,modelling,0.44133464936565625
Xie et al_2011,0.089780929,N,400,modelling,0.44133464936565625
Xie et al_2011,0.089780929,k,10,modelling,0.44133464936565625
Lacopini_2022_traj2,0.3688821198483035,topology, empirical_Thiers13,modelling,1
Lacopini_2022_traj4,0.4304829847371397,topology, empirical_Theirs13_HO,modelling,0.9941044657998872
Lacopini_2022_traj6,0.1612619721260958,topology,empirical_email_EU,modelling,0.3618477513794057
Lacopini_2022_traj8,0.1328739226880976,topology, empirical_congress_bills,modelling,0.405508128
Lacopini_2022_traj10,0.2296173575670403,topology,empirical_Lyon_school,modelling,0.461205142
Lacopini_2022_traj12,0.3988476194243371,topology,empirical_congress_2,modelling,0.9990981369407858
Lacopini_2022_traj14,0.4467924528301886,topology,empirical_email_EU_2,modelling,0.9878078963874622
Lacopini_2022_traj16,0.4384122463510146,topology,empirical_Thiers_HO_2,modelling,1
Castilla_Rho_et_al_2017,0.4,location,Murray_Darling_Basin_Australia,modelling,0.9
Castilla_Rho_et_al_2017,0.2,location,Murray_Darling_Basin_Australia,modelling,0.9
Castilla_Rho_et_al_2017,0.1,location,Murray_Darling_Basin_Australia,modelling,0.6
Castilla_Rho_et_al_2017,0,location,Murray_Darling_Basin_Australia,modelling,0.2
Castilla_Rho_et_al_2017,0.4,location,Central_valley_USA,modelling,0.8
Castilla_Rho_et_al_2017,0.2,location,Central_valley_USA,modelling,0.35
Castilla_Rho_et_al_2017,0.1,location,Central_valley_USA,modelling,0.2
Castilla_Rho_et_al_2017,0,location,Central_valley_USA,modelling,0
Castilla_Rho_et_al_2017,0.4,location,Punjab_Pak,modelling,0.7
Castilla_Rho_et_al_2017,0.2,location,Punjab_Pak,modelling,0.3
Castilla_Rho_et_al_2017,0.1,location,Punjab_Pak,modelling,0.2
Castilla_Rho_et_al_2017,0,location,Punjab_Pak,modelling,0
Castilla_Rho_et_al_2017,0,location,Punjab_Ind,modelling,0
Castilla_Rho_et_al_2017,0.1,location,Punjab_Ind,modelling,0.7
Castilla_Rho_et_al_2017,0.2,location,Punjab_Ind,modelling,0.9
Castilla_Rho_et_al_2017,0.4,location,Punjab_Ind,modelling,0.9
Tschofenig_et_al_c_N_traj1,0.206000445,N,,modelling,0.88333727
Tschofenig_et_al_c_N_traj2,0.204871822,N,,modelling,0.903727735
Tschofenig_et_al_c_N_traj3,0.194209258,N,,modelling,0.936589252
Tschofenig_et_al_c_N_traj4,0.167,N,,modelling,0.950119404
